EnSend,Type,Format,Frame ID,Data(HEX)
1,1,0,  0281F03F,43 FA 00 00 42 48 00 00 
1,1,0,  02C1F001,43 FA 00 00 40 A0 00 00 
1,1,0,  0282F03F,00 00 01 00 00 00 00 00 
1,1,0,  02C2F001,00 00 01 00 00 00 00 00 
1,1,0,  0283F000,43 FA 00 00 40 60 00 00 
1,1,0,  0284F000,00 00 01 00 1B 00 40 00 
1,1,0,  0757F800,00 01 02 03 04 05 06 07 
1,1,0,  0757F800,00 01 02 03 04 05 06 07 
0,0,0,  00000000,00 01 02 03 04 05 06 07 
0,0,0,  00000000,00 01 02 03 04 05 06 07 
0,0,0,  00000000,00 01 02 03 04 05 06 07 
0,0,0,  00000000,00 01 02 03 04 05 06 07 
0,0,0,  00000000,00 01 02 03 04 05 06 07 
0,0,0,  00000000,00 01 02 03 04 05 06 07 
0,0,0,  00000000,00 01 02 03 04 05 06 07 
0,0,0,  00000000,00 01 02 03 04 05 06 07 
0,0,0,  00000000,00 01 02 03 04 05 06 07 
0,0,0,  00000000,00 01 02 03 04 05 06 07 
0,0,0,  00000000,00 01 02 03 04 05 06 07 
0,0,0,  00000000,00 01 02 03 04 05 06 07 
0,0,0,  00000000,00 01 02 03 04 05 06 07 
0,0,0,  00000000,00 01 02 03 04 05 06 07 
0,0,0,  00000000,00 01 02 03 04 05 06 07 
0,0,0,  00000000,00 01 02 03 04 05 06 07 
0,0,0,  00000000,00 01 02 03 04 05 06 07 
0,0,0,  00000000,00 01 02 03 04 05 06 07 
0,0,0,  00000000,00 01 02 03 04 05 06 07 
0,0,0,  00000000,00 01 02 03 04 05 06 07 
0,0,0,  00000000,00 01 02 03 04 05 06 07 
0,0,0,  00000000,00 01 02 03 04 05 06 07 
0,0,0,  00000000,00 01 02 03 04 05 06 07 
0,0,0,  00000000,00 01 02 03 04 05 06 07 
0,0,0,  00000000,00 01 02 03 04 05 06 07 
0,0,0,  00000000,00 01 02 03 04 05 06 07 
0,0,0,  00000000,00 01 02 03 04 05 06 07 
0,0,0,  00000000,00 01 02 03 04 05 06 07 
0,0,0,  00000000,00 01 02 03 04 05 06 07 
0,0,0,  00000000,00 01 02 03 04 05 06 07 
0,0,0,  00000000,00 01 02 03 04 05 06 07 
0,0,0,  00000000,00 01 02 03 04 05 06 07 
0,0,0,  00000000,00 01 02 03 04 05 06 07 
0,0,0,  00000000,00 01 02 03 04 05 06 07 
0,0,0,  00000000,00 01 02 03 04 05 06 07 
0,0,0,  00000000,00 01 02 03 04 05 06 07 
0,0,0,  00000000,00 01 02 03 04 05 06 07 
0,0,0,  00000000,00 01 02 03 04 05 06 07 
0,0,0,  00000000,00 01 02 03 04 05 06 07 
0,0,0,  00000000,00 01 02 03 04 05 06 07 
0,0,0,  00000000,00 01 02 03 04 05 06 07 
0,0,0,  00000000,00 01 02 03 04 05 06 07 
0,0,0,  00000000,00 01 02 03 04 05 06 07 
0,0,0,  00000000,00 01 02 03 04 05 06 07 
0,0,0,  00000000,00 01 02 03 04 05 06 07 
0,0,0,  00000000,00 01 02 03 04 05 06 07 
0,0,0,  00000000,00 01 02 03 04 05 06 07 
0,0,0,  00000000,00 01 02 03 04 05 06 07 
0,0,0,  00000000,00 01 02 03 04 05 06 07 
0,0,0,  00000000,00 01 02 03 04 05 06 07 
0,0,0,  00000000,00 01 02 03 04 05 06 07 
0,0,0,  00000000,00 01 02 03 04 05 06 07 
0,0,0,  00000000,00 01 02 03 04 05 06 07 
0,0,0,  00000000,00 01 02 03 04 05 06 07 
0,0,0,  00000000,00 01 02 03 04 05 06 07 
0,0,0,  00000000,00 01 02 03 04 05 06 07 
0,0,0,  00000000,00 01 02 03 04 05 06 07 
0,0,0,  00000000,00 01 02 03 04 05 06 07 
0,0,0,  00000000,00 01 02 03 04 05 06 07 
0,0,0,  00000000,00 01 02 03 04 05 06 07 
0,0,0,  00000000,00 01 02 03 04 05 06 07 
0,0,0,  00000000,00 01 02 03 04 05 06 07 
0,0,0,  00000000,00 01 02 03 04 05 06 07 
0,0,0,  00000000,00 01 02 03 04 05 06 07 
0,0,0,  00000000,00 01 02 03 04 05 06 07 
0,0,0,  00000000,00 01 02 03 04 05 06 07 
0,0,0,  00000000,00 01 02 03 04 05 06 07 
0,0,0,  00000000,00 01 02 03 04 05 06 07 
0,0,0,  00000000,00 01 02 03 04 05 06 07 
0,0,0,  00000000,00 01 02 03 04 05 06 07 
0,0,0,  00000000,00 01 02 03 04 05 06 07 
0,0,0,  00000000,00 01 02 03 04 05 06 07 
0,0,0,  00000000,00 01 02 03 04 05 06 07 
0,0,0,  00000000,00 01 02 03 04 05 06 07 
0,0,0,  00000000,00 01 02 03 04 05 06 07 
0,0,0,  00000000,00 01 02 03 04 05 06 07 
0,0,0,  00000000,00 01 02 03 04 05 06 07 
0,0,0,  00000000,00 01 02 03 04 05 06 07 
0,0,0,  00000000,00 01 02 03 04 05 06 07 
0,0,0,  00000000,00 01 02 03 04 05 06 07 
0,0,0,  00000000,00 01 02 03 04 05 06 07 
0,0,0,  00000000,00 01 02 03 04 05 06 07 
0,0,0,  00000000,00 01 02 03 04 05 06 07 
0,0,0,  00000000,00 01 02 03 04 05 06 07 
0,0,0,  00000000,00 01 02 03 04 05 06 07 
0,0,0,  00000000,00 01 02 03 04 05 06 07 
0,0,0,  00000000,00 01 02 03 04 05 06 07 
0,0,0,  00000000,00 01 02 03 04 05 06 07 
0,0,0,  00000000,00 01 02 03 04 05 06 07 
0,0,0,  00000000,00 01 02 03 04 05 06 07 
0,0,0,  00000000,00 01 02 03 04 05 06 07 
0,0,0,  00000000,00 01 02 03 04 05 06 07 
